50, 4, 5075, 175, 29
50, 2, 4725, 175, 27
50, 1, 4900, 175, 28
50, 3, 5950, 175, 34
50, 5, 5775, 175, 33
50, 6, 5425, 175, 31
50, 7, 5250, 175, 30
50, 8, 4900, 175, 28
50, 9, 5075, 175, 29
50, 10, 6125, 175, 35
50, 11, 4375, 175, 25
50, 12, 5250, 175, 30
50, 13, 4200, 175, 24
50, 15, 4725, 175, 27
50, 14, 4900, 175, 28
50, 16, 4725, 175, 27
50, 17, 3675, 175, 21
50, 18, 5775, 175, 33
50, 19, 6300, 175, 36
50, 20, 5250, 175, 30
50, 21, 5600, 175, 32
50, 22, 5250, 175, 30
50, 23, 4550, 175, 26
50, 24, 5075, 175, 29
50, 26, 4200, 175, 24
50, 25, 5600, 175, 32
50, 27, 5775, 175, 33
50, 28, 5775, 175, 33
50, 29, 5775, 175, 33
50, 30, 5250, 175, 30
50, 31, 5250, 175, 30
50, 32, 4725, 175, 27
50, 34, 4550, 175, 26
50, 33, 5600, 175, 32
50, 35, 5250, 175, 30
50, 36, 4375, 175, 25
50, 37, 5600, 175, 32
50, 38, 5425, 175, 31
50, 39, 5425, 175, 31
50, 42, 5250, 175, 30
50, 40, 5425, 175, 31
50, 41, 5950, 175, 34
50, 43, 4375, 175, 25
50, 45, 4550, 175, 26
50, 44, 5425, 175, 31
50, 46, 5250, 175, 30
50, 47, 4550, 175, 26
50, 48, 5250, 175, 30
50, 49, 4550, 175, 26
50, 50, 4900, 175, 28
50, 53, 4375, 175, 25
50, 51, 5075, 175, 29
50, 52, 5600, 175, 32
50, 54, 5250, 175, 30
50, 55, 5600, 175, 32
50, 56, 5600, 175, 32
50, 57, 4550, 175, 26
50, 58, 6300, 175, 36
50, 61, 4900, 175, 28
50, 59, 5775, 175, 33
50, 60, 5950, 175, 34
50, 62, 5075, 175, 29
50, 63, 5250, 175, 30
50, 65, 4725, 175, 27
50, 66, 5600, 175, 32
50, 64, 5250, 175, 30
50, 70, 4900, 175, 28
50, 69, 3850, 175, 22
50, 67, 5250, 175, 30
50, 68, 5600, 175, 32
50, 72, 4550, 175, 26
50, 74, 4900, 175, 28
50, 73, 4550, 175, 26
50, 71, 5600, 175, 32
50, 77, 4375, 175, 25
50, 75, 5600, 175, 32
50, 78, 4200, 175, 24
50, 76, 5250, 175, 30
50, 82, 4025, 175, 23
50, 80, 4900, 175, 28
50, 81, 5425, 175, 31
50, 79, 5075, 175, 29
50, 83, 5250, 175, 30
50, 84, 4900, 175, 28
50, 85, 4900, 175, 28
50, 86, 5600, 175, 32
50, 89, 4550, 175, 26
50, 87, 4025, 175, 23
50, 90, 4900, 175, 28
50, 88, 5775, 175, 33
50, 91, 5600, 175, 32
50, 92, 4900, 175, 28
50, 94, 4725, 175, 27
50, 93, 5250, 175, 30
50, 96, 4375, 175, 25
50, 95, 4725, 175, 27
50, 98, 4025, 175, 23
50, 97, 4725, 175, 27
50, 99, 4550, 175, 26
50, 100, 5250, 175, 30
100, 1, 14250, 250, 57
100, 2, 15000, 250, 60
100, 4, 15500, 250, 62
100, 3, 17500, 250, 70
100, 5, 14250, 250, 57
100, 6, 15500, 250, 62
100, 7, 16250, 250, 65
100, 8, 16500, 250, 66
100, 9, 15250, 250, 61
100, 10, 17500, 250, 70
100, 11, 14000, 250, 56
100, 12, 13500, 250, 54
100, 13, 13750, 250, 55
100, 16, 15250, 250, 61
100, 14, 17250, 250, 69
100, 17, 16000, 250, 64
100, 15, 16750, 250, 67
100, 19, 13750, 250, 55
100, 18, 17000, 250, 68
100, 21, 16000, 250, 64
100, 20, 16750, 250, 67
100, 22, 16000, 250, 64
100, 23, 16000, 250, 64
100, 24, 16500, 250, 66
100, 25, 16750, 250, 67
100, 26, 17000, 250, 68
100, 27, 16000, 250, 64
100, 28, 15750, 250, 63
100, 29, 16750, 250, 67
100, 30, 15750, 250, 63
100, 32, 14000, 250, 56
100, 31, 17500, 250, 70
100, 33, 17500, 250, 70
100, 34, 16000, 250, 64
100, 35, 15750, 250, 63
100, 36, 15000, 250, 60
100, 37, 14250, 250, 57
100, 40, 15750, 250, 63
100, 38, 17000, 250, 68
100, 39, 18250, 250, 73
100, 41, 14750, 250, 59
100, 43, 17000, 250, 68
100, 42, 17000, 250, 68
100, 44, 15500, 250, 62
100, 45, 16250, 250, 65
100, 48, 15750, 250, 63
100, 47, 15750, 250, 63
100, 46, 16000, 250, 64
100, 49, 16750, 250, 67
100, 50, 14750, 250, 59
100, 52, 15500, 250, 62
100, 51, 17000, 250, 68
100, 53, 16000, 250, 64
100, 54, 15500, 250, 62
100, 55, 15500, 250, 62
100, 56, 15000, 250, 60
100, 57, 15000, 250, 60
100, 58, 14500, 250, 58
100, 59, 15750, 250, 63
100, 60, 15250, 250, 61
100, 61, 15000, 250, 60
100, 63, 16500, 250, 66
100, 62, 15000, 250, 60
100, 64, 15500, 250, 62
100, 65, 14750, 250, 59
100, 67, 14500, 250, 58
100, 66, 15250, 250, 61
100, 70, 14000, 250, 56
100, 68, 19000, 250, 76
100, 71, 14750, 250, 59
100, 69, 15750, 250, 63
100, 72, 14500, 250, 58
100, 75, 15500, 250, 62
100, 73, 15750, 250, 63
100, 74, 17750, 250, 71
100, 76, 14500, 250, 58
100, 78, 16000, 250, 64
100, 79, 15250, 250, 61
100, 77, 18500, 250, 74
100, 80, 16250, 250, 65
100, 83, 15250, 250, 61
100, 81, 15500, 250, 62
100, 82, 16500, 250, 66
100, 84, 17000, 250, 68
100, 85, 15000, 250, 60
100, 87, 16250, 250, 65
100, 86, 17000, 250, 68
100, 90, 13250, 250, 53
100, 88, 15500, 250, 62
100, 89, 17250, 250, 69
100, 91, 15500, 250, 62
100, 94, 15250, 250, 61
100, 92, 15500, 250, 62
100, 93, 17250, 250, 69
100, 95, 15250, 250, 61
100, 96, 14750, 250, 59
100, 97, 14750, 250, 59
100, 98, 16000, 250, 64
100, 99, 16000, 250, 64
100, 100, 17000, 250, 68
150, 1, 28500, 300, 95
150, 2, 28800, 300, 96
150, 3, 30300, 300, 101
150, 4, 29700, 300, 99
150, 6, 27900, 300, 93
150, 5, 31200, 300, 104
150, 7, 29400, 300, 98
150, 8, 28200, 300, 94
150, 9, 28500, 300, 95
150, 10, 29700, 300, 99
150, 11, 26700, 300, 89
150, 12, 28800, 300, 96
150, 13, 29700, 300, 99
150, 14, 28200, 300, 94
150, 15, 30900, 300, 103
150, 16, 32100, 300, 107
150, 18, 26400, 300, 88
150, 17, 30600, 300, 102
150, 19, 30900, 300, 103
150, 20, 29100, 300, 97
150, 21, 29100, 300, 97
150, 22, 30600, 300, 102
150, 23, 30300, 300, 101
150, 24, 31800, 300, 106
150, 25, 25800, 300, 86
150, 26, 28800, 300, 96
150, 27, 29100, 300, 97
150, 29, 27900, 300, 93
150, 28, 28200, 300, 94
150, 30, 25500, 300, 85
150, 31, 28800, 300, 96
150, 33, 28200, 300, 94
150, 32, 28800, 300, 96
150, 34, 30000, 300, 100
150, 35, 28500, 300, 95
150, 36, 29400, 300, 98
150, 37, 31500, 300, 105
150, 38, 30300, 300, 101
150, 40, 27600, 300, 92
150, 39, 30600, 300, 102
150, 41, 28500, 300, 95
150, 42, 28200, 300, 94
150, 43, 30000, 300, 100
150, 45, 30000, 300, 100
150, 44, 35100, 300, 117
150, 46, 27600, 300, 92
150, 47, 32700, 300, 109
150, 49, 27300, 300, 91
150, 48, 31200, 300, 104
150, 50, 30000, 300, 100
150, 51, 28500, 300, 95
150, 52, 31500, 300, 105
150, 53, 33300, 300, 111
150, 54, 30000, 300, 100
150, 55, 33300, 300, 111
150, 58, 26700, 300, 89
150, 56, 30000, 300, 100
150, 57, 31500, 300, 105
150, 59, 26700, 300, 89
150, 61, 27600, 300, 92
150, 62, 26700, 300, 89
150, 60, 30900, 300, 103
150, 63, 29100, 300, 97
150, 66, 27300, 300, 91
150, 65, 28800, 300, 96
150, 64, 32100, 300, 107
150, 67, 29400, 300, 98
150, 69, 28200, 300, 94
150, 70, 27300, 300, 91
150, 68, 29700, 300, 99
150, 73, 27600, 300, 92
150, 72, 27900, 300, 93
150, 71, 32400, 300, 108
150, 74, 30300, 300, 101
150, 76, 28800, 300, 96
150, 75, 29100, 300, 97
150, 78, 30300, 300, 101
150, 77, 32400, 300, 108
150, 80, 26700, 300, 89
150, 79, 31800, 300, 106
150, 82, 25500, 300, 85
150, 81, 30000, 300, 100
150, 83, 29400, 300, 98
150, 84, 31200, 300, 104
150, 85, 29100, 300, 97
150, 86, 30900, 300, 103
150, 87, 29100, 300, 97
150, 89, 28800, 300, 96
150, 88, 29400, 300, 98
150, 90, 28200, 300, 94
150, 91, 28500, 300, 95
150, 92, 29400, 300, 98
150, 93, 32100, 300, 107
150, 94, 28200, 300, 94
150, 95, 32400, 300, 108
150, 97, 31800, 300, 106
150, 98, 28800, 300, 96
150, 96, 33000, 300, 110
150, 99, 30300, 300, 101
150, 100, 32100, 300, 107
200, 1, 46900, 350, 134
200, 2, 44800, 350, 128
200, 3, 49350, 350, 141
200, 4, 43750, 350, 125
200, 5, 42350, 350, 121
200, 6, 47950, 350, 137
200, 7, 44100, 350, 126
200, 8, 47600, 350, 136
200, 9, 44450, 350, 127
200, 10, 51450, 350, 147
200, 11, 48300, 350, 138
200, 12, 45850, 350, 131
200, 13, 48650, 350, 139
200, 14, 44100, 350, 126
200, 16, 44100, 350, 126
200, 15, 48300, 350, 138
200, 17, 46200, 350, 132
200, 18, 50050, 350, 143
200, 19, 45850, 350, 131
200, 20, 45500, 350, 130
200, 21, 53900, 350, 154
200, 24, 46550, 350, 133
200, 23, 48300, 350, 138
200, 22, 51100, 350, 146
200, 25, 45500, 350, 130
200, 27, 45500, 350, 130
200, 26, 49700, 350, 142
200, 28, 49000, 350, 140
200, 29, 46900, 350, 134
200, 32, 46200, 350, 132
200, 30, 50050, 350, 143
200, 31, 50050, 350, 143
200, 33, 46200, 350, 132
200, 34, 48650, 350, 139
200, 35, 50750, 350, 145
200, 36, 47250, 350, 135
200, 37, 43400, 350, 124
200, 39, 45850, 350, 131
200, 38, 46900, 350, 134
200, 40, 46550, 350, 133
200, 41, 46900, 350, 134
200, 43, 47600, 350, 136
200, 44, 46200, 350, 132
200, 42, 50050, 350, 143
200, 45, 52150, 350, 149
200, 46, 46900, 350, 134
200, 47, 48650, 350, 139
200, 48, 48650, 350, 139
200, 49, 48650, 350, 139
200, 51, 44800, 350, 128
200, 50, 48650, 350, 139
200, 52, 45500, 350, 130
200, 53, 50750, 350, 145
200, 54, 45850, 350, 131
200, 55, 45850, 350, 131
200, 56, 47250, 350, 135
200, 59, 42350, 350, 121
200, 58, 47250, 350, 135
200, 57, 52850, 350, 151
200, 60, 46200, 350, 132
200, 61, 46550, 350, 133
200, 62, 43400, 350, 124
200, 63, 45850, 350, 131
200, 64, 50400, 350, 144
200, 65, 44800, 350, 128
200, 66, 47950, 350, 137
200, 67, 47250, 350, 135
200, 68, 49350, 350, 141
200, 69, 46900, 350, 134
200, 71, 42700, 350, 122
200, 70, 47600, 350, 136
200, 72, 47600, 350, 136
200, 75, 41650, 350, 119
200, 73, 49350, 350, 141
200, 74, 47950, 350, 137
200, 76, 41650, 350, 119
200, 77, 42000, 350, 120
200, 79, 44800, 350, 128
200, 78, 49700, 350, 142
200, 80, 47600, 350, 136
200, 81, 49350, 350, 141
200, 82, 45850, 350, 131
200, 83, 44800, 350, 128
200, 84, 44450, 350, 127
200, 85, 50750, 350, 145
200, 86, 49000, 350, 140
200, 87, 49350, 350, 141
200, 88, 45150, 350, 129
200, 90, 45500, 350, 130
200, 89, 49000, 350, 140
200, 91, 45850, 350, 131
200, 92, 45500, 350, 130
200, 94, 43400, 350, 124
200, 95, 45150, 350, 129
200, 93, 49700, 350, 142
200, 96, 47250, 350, 135
200, 97, 43750, 350, 125
200, 98, 45850, 350, 131
200, 99, 50400, 350, 144
200, 100, 50050, 350, 143
250, 1, 58500, 375, 156
250, 2, 69375, 375, 185
250, 3, 67875, 375, 181
250, 4, 67875, 375, 181
250, 5, 63750, 375, 170
250, 7, 63000, 375, 168
250, 6, 66750, 375, 178
250, 8, 68250, 375, 182
250, 9, 66375, 375, 177
250, 10, 67125, 375, 179
250, 11, 66750, 375, 178
250, 12, 62250, 375, 166
250, 13, 64875, 375, 173
250, 14, 60750, 375, 162
250, 15, 61875, 375, 165
250, 16, 66750, 375, 178
250, 17, 63375, 375, 169
250, 18, 62250, 375, 166
250, 19, 61125, 375, 163
250, 20, 63375, 375, 169
250, 21, 64875, 375, 173
250, 23, 63375, 375, 169
250, 22, 66000, 375, 176
250, 24, 62625, 375, 167
250, 25, 60375, 375, 161
250, 26, 62250, 375, 166
250, 27, 63375, 375, 169
250, 28, 62250, 375, 166
250, 29, 66000, 375, 176
250, 31, 57750, 375, 154
250, 30, 65625, 375, 175
250, 32, 60000, 375, 160
250, 34, 58875, 375, 157
250, 33, 61500, 375, 164
250, 36, 65250, 375, 174
250, 35, 67875, 375, 181
250, 37, 59625, 375, 159
250, 38, 64500, 375, 172
250, 39, 64500, 375, 172
250, 40, 63000, 375, 168
250, 42, 59625, 375, 159
250, 41, 66750, 375, 178
250, 43, 63000, 375, 168
250, 44, 65625, 375, 175
250, 45, 59625, 375, 159
250, 46, 64125, 375, 171
250, 47, 63000, 375, 168
250, 48, 60750, 375, 162
250, 49, 65250, 375, 174
250, 50, 65250, 375, 174
250, 51, 61875, 375, 165
250, 52, 61125, 375, 163
250, 53, 63750, 375, 170
250, 54, 60000, 375, 160
250, 56, 65625, 375, 175
250, 55, 65250, 375, 174
250, 57, 61500, 375, 164
250, 58, 65625, 375, 175
250, 60, 67125, 375, 179
250, 59, 70500, 375, 188
250, 61, 66000, 375, 176
250, 62, 66000, 375, 176
250, 63, 64875, 375, 173
250, 64, 62250, 375, 166
250, 65, 66750, 375, 178
250, 66, 63750, 375, 170
250, 67, 65250, 375, 174
250, 68, 72000, 375, 192
250, 69, 59625, 375, 159
250, 70, 62250, 375, 166
250, 73, 58875, 375, 157
250, 71, 67500, 375, 180
250, 72, 68250, 375, 182
250, 74, 66750, 375, 178
250, 76, 62250, 375, 166
250, 77, 59625, 375, 159
250, 75, 70875, 375, 189
250, 78, 61500, 375, 164
250, 79, 60750, 375, 162
250, 80, 62625, 375, 167
250, 81, 64125, 375, 171
250, 82, 67125, 375, 179
250, 83, 60750, 375, 162
250, 84, 63375, 375, 169
250, 85, 60750, 375, 162
250, 86, 62250, 375, 166
250, 87, 65250, 375, 174
250, 88, 66000, 375, 176
250, 89, 65250, 375, 174
250, 90, 60375, 375, 161
250, 91, 67500, 375, 180
250, 92, 64500, 375, 172
250, 93, 66375, 375, 177
250, 94, 63000, 375, 168
250, 95, 55875, 375, 149
250, 97, 63000, 375, 168
250, 96, 67125, 375, 179
250, 98, 64875, 375, 173
250, 99, 62250, 375, 166
250, 100, 61125, 375, 163
300, 2, 83725, 425, 197
300, 1, 83725, 425, 197
300, 3, 83300, 425, 196
300, 4, 85425, 425, 201
300, 6, 87975, 425, 207
300, 5, 93925, 425, 221
300, 7, 91375, 425, 215
300, 8, 87125, 425, 205
300, 10, 82450, 425, 194
300, 9, 88825, 425, 209
300, 11, 88825, 425, 209
300, 12, 86700, 425, 204
300, 13, 84575, 425, 199
300, 14, 90525, 425, 213
300, 15, 88825, 425, 209
300, 16, 85000, 425, 200
300, 17, 90950, 425, 214
300, 18, 94775, 425, 223
300, 20, 87550, 425, 206
300, 19, 91375, 425, 215
300, 21, 87975, 425, 207
300, 23, 83300, 425, 196
300, 24, 84150, 425, 198
300, 22, 94350, 425, 222
300, 25, 80750, 425, 190
300, 26, 87550, 425, 206
300, 28, 83300, 425, 196
300, 27, 90100, 425, 212
300, 29, 87125, 425, 205
300, 30, 85425, 425, 201
300, 32, 79475, 425, 187
300, 31, 88400, 425, 208
300, 33, 86700, 425, 204
300, 34, 87125, 425, 205
300, 35, 90100, 425, 212
300, 36, 90950, 425, 214
300, 37, 89250, 425, 210
300, 38, 82450, 425, 194
300, 39, 90100, 425, 212
300, 40, 85425, 425, 201
300, 41, 90100, 425, 212
300, 42, 80750, 425, 190
300, 43, 81600, 425, 192
300, 44, 80750, 425, 190
300, 45, 88825, 425, 209
300, 48, 82450, 425, 194
300, 47, 83300, 425, 196
300, 46, 94350, 425, 222
300, 49, 85850, 425, 202
300, 51, 83725, 425, 197
300, 50, 89250, 425, 210
300, 52, 93925, 425, 221
300, 54, 82450, 425, 194
300, 55, 79475, 425, 187
300, 53, 90950, 425, 214
300, 56, 84575, 425, 199
300, 58, 82875, 425, 195
300, 57, 84150, 425, 198
300, 59, 92225, 425, 217
300, 60, 93500, 425, 220
300, 61, 85000, 425, 200
300, 62, 85850, 425, 202
300, 63, 80325, 425, 189
300, 64, 84150, 425, 198
300, 66, 85000, 425, 200
300, 65, 89250, 425, 210
300, 67, 89675, 425, 211
300, 68, 85425, 425, 201
300, 70, 90950, 425, 214
300, 71, 81600, 425, 192
300, 69, 96900, 425, 228
300, 72, 81600, 425, 192
300, 73, 86275, 425, 203
300, 74, 90100, 425, 212
300, 75, 90525, 425, 213
300, 76, 90525, 425, 213
300, 77, 84150, 425, 198
300, 78, 85850, 425, 202
300, 79, 90525, 425, 213
300, 80, 87550, 425, 206
300, 81, 85850, 425, 202
300, 82, 87125, 425, 205
300, 83, 83300, 425, 196
300, 84, 84150, 425, 198
300, 85, 81600, 425, 192
300, 88, 83300, 425, 196
300, 86, 94775, 425, 223
300, 87, 89675, 425, 211
300, 89, 94350, 425, 222
300, 90, 83300, 425, 196
300, 91, 86700, 425, 204
300, 92, 83300, 425, 196
300, 93, 92225, 425, 217
300, 96, 85425, 425, 201
300, 94, 86700, 425, 204
300, 95, 85850, 425, 202
300, 97, 83300, 425, 196
300, 99, 87975, 425, 207
300, 100, 88825, 425, 209
300, 98, 94350, 425, 222
350, 1, 108450, 450, 241
350, 2, 108450, 450, 241
350, 3, 108900, 450, 242
350, 4, 113850, 450, 253
350, 5, 100350, 450, 223
350, 6, 111600, 450, 248
350, 7, 109800, 450, 244
350, 8, 105750, 450, 235
350, 9, 109350, 450, 243
350, 12, 110250, 450, 245
350, 10, 115200, 450, 256
350, 11, 116100, 450, 258
350, 13, 115650, 450, 257
350, 14, 105300, 450, 234
350, 15, 106650, 450, 237
350, 16, 107550, 450, 239
350, 17, 114750, 450, 255
350, 19, 108900, 450, 242
350, 20, 106200, 450, 236
350, 18, 116100, 450, 258
350, 21, 103500, 450, 230
350, 23, 102150, 450, 227
350, 22, 104850, 450, 233
350, 24, 102600, 450, 228
350, 25, 105750, 450, 235
350, 28, 103500, 450, 230
350, 27, 104850, 450, 233
350, 26, 112050, 450, 249
350, 29, 106200, 450, 236
350, 30, 103500, 450, 230
350, 31, 107100, 450, 238
350, 32, 108000, 450, 240
350, 34, 104400, 450, 232
350, 33, 118350, 450, 263
350, 35, 113400, 450, 252
350, 36, 109800, 450, 244
350, 37, 111600, 450, 248
350, 39, 103050, 450, 229
350, 38, 108900, 450, 242
350, 40, 106200, 450, 236
350, 42, 113400, 450, 252
350, 41, 112950, 450, 251
350, 44, 112500, 450, 250
350, 43, 113400, 450, 252
350, 46, 97200, 450, 216
350, 45, 108450, 450, 241
350, 48, 103050, 450, 229
350, 47, 115200, 450, 256
350, 49, 105300, 450, 234
350, 50, 114300, 450, 254
350, 51, 113400, 450, 252
350, 52, 112050, 450, 249
350, 53, 108000, 450, 240
350, 54, 109350, 450, 243
350, 55, 112500, 450, 250
350, 56, 112050, 450, 249
350, 57, 104400, 450, 232
350, 58, 104850, 450, 233
350, 59, 109800, 450, 244
350, 60, 104850, 450, 233
350, 61, 103050, 450, 229
350, 64, 93600, 450, 208
350, 62, 111600, 450, 248
350, 63, 107100, 450, 238
350, 65, 103950, 450, 231
350, 67, 106200, 450, 236
350, 66, 111150, 450, 247
350, 68, 105300, 450, 234
350, 69, 104400, 450, 232
350, 70, 102600, 450, 228
350, 71, 107100, 450, 238
350, 72, 116550, 450, 259
350, 73, 107550, 450, 239
350, 74, 111150, 450, 247
350, 75, 107550, 450, 239
350, 76, 108900, 450, 242
350, 77, 106650, 450, 237
350, 79, 111150, 450, 247
350, 78, 112500, 450, 250
350, 80, 106200, 450, 236
350, 81, 105750, 450, 235
350, 82, 106650, 450, 237
350, 84, 104850, 450, 233
350, 83, 111150, 450, 247
350, 85, 104400, 450, 232
350, 86, 105300, 450, 234
350, 88, 103050, 450, 229
350, 87, 108450, 450, 241
350, 89, 117000, 450, 260
350, 90, 103050, 450, 229
350, 91, 107550, 450, 239
350, 92, 108000, 450, 240
350, 93, 110250, 450, 245
350, 94, 108900, 450, 242
350, 95, 108900, 450, 242
350, 96, 114750, 450, 255
350, 97, 104400, 450, 232
350, 99, 98100, 450, 218
350, 98, 109350, 450, 243
350, 100, 102600, 450, 228
400, 1, 135000, 500, 270
400, 2, 140000, 500, 280
400, 3, 136500, 500, 273
400, 4, 134000, 500, 268
400, 5, 130000, 500, 260
400, 6, 137500, 500, 275
400, 7, 139500, 500, 279
400, 8, 143000, 500, 286
400, 9, 132000, 500, 264
400, 12, 126500, 500, 253
400, 10, 135500, 500, 271
400, 11, 137500, 500, 275
400, 13, 133500, 500, 267
400, 15, 133500, 500, 267
400, 14, 142000, 500, 284
400, 16, 147500, 500, 295
400, 17, 139500, 500, 279
400, 18, 125500, 500, 251
400, 19, 143500, 500, 287
400, 20, 139000, 500, 278
400, 21, 140000, 500, 280
400, 22, 143500, 500, 287
400, 23, 136500, 500, 273
400, 24, 143000, 500, 286
400, 25, 146500, 500, 293
400, 26, 146500, 500, 293
400, 27, 140500, 500, 281
400, 28, 134500, 500, 269
400, 29, 130000, 500, 260
400, 30, 132500, 500, 265
400, 31, 131000, 500, 262
400, 32, 130000, 500, 260
400, 33, 128500, 500, 257
400, 34, 134000, 500, 268
400, 35, 146000, 500, 292
400, 36, 141000, 500, 282
400, 37, 135000, 500, 270
400, 38, 139500, 500, 279
400, 39, 131500, 500, 263
400, 40, 149500, 500, 299
400, 41, 145500, 500, 291
400, 42, 135500, 500, 271
400, 43, 135000, 500, 270
400, 44, 130500, 500, 261
400, 45, 148000, 500, 296
400, 46, 130500, 500, 261
400, 47, 125000, 500, 250
400, 48, 139000, 500, 278
400, 50, 136000, 500, 272
400, 49, 146000, 500, 292
400, 51, 145500, 500, 291
400, 52, 139000, 500, 278
400, 54, 133500, 500, 267
400, 53, 140500, 500, 281
400, 55, 132000, 500, 264
400, 56, 133000, 500, 266
400, 58, 136000, 500, 272
400, 57, 144000, 500, 288
400, 59, 139500, 500, 279
400, 60, 151000, 500, 302
400, 61, 135500, 500, 271
400, 62, 138000, 500, 276
400, 63, 139500, 500, 279
400, 64, 139500, 500, 279
400, 66, 135000, 500, 270
400, 65, 149000, 500, 298
400, 67, 141500, 500, 283
400, 68, 137000, 500, 274
400, 69, 138000, 500, 276
400, 70, 133000, 500, 266
400, 71, 142000, 500, 284
400, 72, 138000, 500, 276
400, 74, 136000, 500, 272
400, 73, 140000, 500, 280
400, 75, 142000, 500, 284
400, 76, 139500, 500, 279
400, 77, 137000, 500, 274
400, 78, 137000, 500, 274
400, 79, 143500, 500, 287
400, 80, 133500, 500, 267
400, 81, 131000, 500, 262
400, 82, 138000, 500, 276
400, 83, 132000, 500, 264
400, 84, 136000, 500, 272
400, 85, 135000, 500, 270
400, 86, 136500, 500, 273
400, 87, 138000, 500, 276
400, 89, 140500, 500, 281
400, 88, 152500, 500, 305
400, 90, 141500, 500, 283
400, 91, 148000, 500, 296
400, 92, 137500, 500, 275
400, 93, 143500, 500, 287
400, 94, 144500, 500, 289
400, 95, 134500, 500, 269
400, 96, 138500, 500, 277
400, 97, 136000, 500, 272
400, 98, 130500, 500, 261
400, 99, 137000, 500, 274
400, 100, 136500, 500, 273
450, 2, 148575, 525, 283
450, 1, 170625, 525, 325
450, 3, 161175, 525, 307
450, 4, 168525, 525, 321
450, 5, 164325, 525, 313
450, 6, 162225, 525, 309
450, 7, 164325, 525, 313
450, 8, 155400, 525, 296
450, 9, 166425, 525, 317
450, 10, 169050, 525, 322
450, 11, 160650, 525, 306
450, 12, 151200, 525, 288
450, 13, 166425, 525, 317
450, 14, 167475, 525, 319
450, 15, 165375, 525, 315
450, 16, 168000, 525, 320
450, 17, 165375, 525, 315
450, 19, 151200, 525, 288
450, 18, 167475, 525, 319
450, 20, 160125, 525, 305
450, 22, 155925, 525, 297
450, 21, 163275, 525, 311
450, 23, 158550, 525, 302
450, 24, 169050, 525, 322
450, 26, 164325, 525, 313
450, 25, 164850, 525, 314
450, 27, 157500, 525, 300
450, 28, 165900, 525, 316
450, 29, 162750, 525, 310
450, 30, 163800, 525, 312
450, 31, 169575, 525, 323
450, 32, 164850, 525, 314
450, 34, 163275, 525, 311
450, 33, 165375, 525, 315
450, 35, 173250, 525, 330
450, 36, 165900, 525, 316
450, 38, 161700, 525, 308
450, 37, 174300, 525, 332
450, 39, 164325, 525, 313
450, 40, 166950, 525, 318
450, 42, 161175, 525, 307
450, 41, 172725, 525, 329
450, 43, 163800, 525, 312
450, 44, 159600, 525, 304
450, 45, 156450, 525, 298
450, 46, 167475, 525, 319
450, 47, 163800, 525, 312
450, 48, 169575, 525, 323
450, 49, 160125, 525, 305
450, 50, 151725, 525, 289
450, 51, 160125, 525, 305
450, 52, 163800, 525, 312
450, 53, 160650, 525, 306
450, 54, 162750, 525, 310
450, 55, 152250, 525, 290
450, 56, 159600, 525, 304
450, 57, 157500, 525, 300
450, 59, 155925, 525, 297
450, 58, 163800, 525, 312
450, 60, 158025, 525, 301
450, 61, 164325, 525, 313
450, 62, 161700, 525, 308
450, 63, 161700, 525, 308
450, 64, 162750, 525, 310
450, 65, 153825, 525, 293
450, 67, 166425, 525, 317
450, 66, 170625, 525, 325
450, 68, 166425, 525, 317
450, 69, 169575, 525, 323
450, 70, 167475, 525, 319
450, 71, 168000, 525, 320
450, 72, 166950, 525, 318
450, 73, 168525, 525, 321
450, 74, 164325, 525, 313
450, 75, 169050, 525, 322
450, 76, 164850, 525, 314
450, 78, 162225, 525, 309
450, 77, 176400, 525, 336
450, 79, 165375, 525, 315
450, 80, 170625, 525, 325
450, 82, 160650, 525, 306
450, 81, 171150, 525, 326
450, 83, 174300, 525, 332
450, 84, 160650, 525, 306
450, 85, 148050, 525, 282
450, 86, 159075, 525, 303
450, 87, 171150, 525, 326
450, 88, 176925, 525, 337
450, 89, 167475, 525, 319
450, 90, 163800, 525, 312
450, 91, 174825, 525, 333
450, 92, 161700, 525, 308
450, 93, 162225, 525, 309
450, 94, 162750, 525, 310
450, 95, 161700, 525, 308
450, 96, 153300, 525, 292
450, 97, 156450, 525, 298
450, 98, 171150, 525, 326
450, 100, 153825, 525, 293
450, 99, 168525, 525, 321
500, 1, 188100, 550, 342
500, 2, 199100, 550, 362
500, 3, 173800, 550, 316
500, 4, 177650, 550, 323
500, 5, 199100, 550, 362
500, 7, 188100, 550, 342
500, 6, 200200, 550, 364
500, 8, 189750, 550, 345
500, 9, 193600, 550, 352
500, 11, 186450, 550, 339
500, 10, 200750, 550, 365
500, 12, 201300, 550, 366
500, 13, 180400, 550, 328
500, 14, 189200, 550, 344
500, 15, 192500, 550, 350
500, 16, 201850, 550, 367
500, 17, 202400, 550, 368
500, 18, 191400, 550, 348
500, 20, 180950, 550, 329
500, 19, 200200, 550, 364
500, 21, 193050, 550, 351
500, 23, 188100, 550, 342
500, 22, 211200, 550, 384
500, 24, 198550, 550, 361
500, 25, 189750, 550, 345
500, 27, 189750, 550, 345
500, 28, 187000, 550, 340
500, 26, 193600, 550, 352
500, 29, 190850, 550, 347
500, 30, 185900, 550, 338
500, 32, 188100, 550, 342
500, 31, 201850, 550, 367
500, 33, 188100, 550, 342
500, 34, 178200, 550, 324
500, 35, 189200, 550, 344
500, 36, 200200, 550, 364
500, 37, 187000, 550, 340
500, 38, 188650, 550, 343
500, 39, 188100, 550, 342
500, 40, 187550, 550, 341
500, 41, 194150, 550, 353
500, 42, 189200, 550, 344
500, 43, 207350, 550, 377
500, 44, 196350, 550, 357
500, 45, 188100, 550, 342
500, 46, 184800, 550, 336
500, 47, 197450, 550, 359
500, 48, 190850, 550, 347
500, 49, 193600, 550, 352
500, 50, 204050, 550, 371
500, 51, 186450, 550, 339
500, 52, 193050, 550, 351
500, 53, 189750, 550, 345
500, 54, 201850, 550, 367
500, 55, 190300, 550, 346
500, 56, 193050, 550, 351
500, 57, 201300, 550, 366
500, 58, 196350, 550, 357
500, 59, 180950, 550, 329
500, 60, 193600, 550, 352
500, 61, 188100, 550, 342
500, 63, 187550, 550, 341
500, 62, 194700, 550, 354
500, 64, 195800, 550, 356
500, 65, 189200, 550, 344
500, 66, 169950, 550, 309
500, 67, 195250, 550, 355
500, 68, 188100, 550, 342
500, 69, 193050, 550, 351
500, 70, 195250, 550, 355
500, 71, 190300, 550, 346
500, 72, 201300, 550, 366
500, 73, 185350, 550, 337
500, 74, 188650, 550, 343
500, 75, 195250, 550, 355
500, 76, 193050, 550, 351
500, 77, 193050, 550, 351
500, 78, 183150, 550, 333
500, 79, 188650, 550, 343
500, 81, 179850, 550, 327
500, 80, 194700, 550, 354
500, 82, 185900, 550, 338
500, 83, 200200, 550, 364
500, 84, 196900, 550, 358
500, 85, 194700, 550, 354
500, 86, 190850, 550, 347
500, 87, 189200, 550, 344
500, 88, 185350, 550, 337
500, 89, 185350, 550, 337
500, 90, 196350, 550, 357
500, 91, 174350, 550, 317
500, 92, 185350, 550, 337
500, 93, 198000, 550, 360
500, 94, 182600, 550, 332
500, 95, 188100, 550, 342
500, 96, 185350, 550, 337
500, 97, 182050, 550, 331
500, 98, 201850, 550, 367
500, 99, 189750, 550, 345
500, 100, 193600, 550, 352
550, 1, 211600, 575, 368
550, 2, 216200, 575, 376
550, 3, 222525, 575, 387
550, 4, 223675, 575, 389
550, 5, 212750, 575, 370
550, 6, 217925, 575, 379
550, 7, 220225, 575, 383
550, 8, 225975, 575, 393
550, 9, 212750, 575, 370
550, 10, 216775, 575, 377
550, 11, 208725, 575, 363
550, 12, 216200, 575, 376
550, 13, 214475, 575, 373
550, 15, 216200, 575, 376
550, 14, 221375, 575, 385
550, 16, 221375, 575, 385
550, 17, 220800, 575, 384
550, 19, 212750, 575, 370
550, 18, 216200, 575, 376
550, 20, 220800, 575, 384
550, 22, 215625, 575, 375
550, 23, 215625, 575, 375
550, 21, 230000, 575, 400
550, 24, 217925, 575, 379
550, 25, 219650, 575, 382
550, 26, 219075, 575, 381
550, 27, 228850, 575, 398
550, 28, 212750, 575, 370
550, 29, 224250, 575, 390
550, 31, 208150, 575, 362
550, 30, 220225, 575, 383
550, 32, 225400, 575, 392
550, 33, 205275, 575, 357
550, 35, 217350, 575, 378
550, 34, 223100, 575, 388
550, 36, 221375, 575, 385
550, 37, 218500, 575, 380
550, 39, 211600, 575, 368
550, 38, 220225, 575, 383
550, 40, 222525, 575, 387
550, 41, 217925, 575, 379
550, 43, 209875, 575, 365
550, 42, 215625, 575, 375
550, 44, 244950, 575, 426
550, 45, 226550, 575, 394
550, 46, 225975, 575, 393
550, 47, 225400, 575, 392
550, 48, 208150, 575, 362
550, 49, 217350, 575, 378
550, 51, 224250, 575, 390
550, 50, 226550, 575, 394
550, 52, 210450, 575, 366
550, 53, 221375, 575, 385
550, 54, 211600, 575, 368
550, 55, 213900, 575, 372
550, 56, 227700, 575, 396
550, 57, 211025, 575, 367
550, 59, 211600, 575, 368
550, 58, 221950, 575, 386
550, 60, 230575, 575, 401
550, 62, 215625, 575, 375
550, 61, 220800, 575, 384
550, 63, 223675, 575, 389
550, 64, 221375, 575, 385
550, 65, 215625, 575, 375
550, 66, 209875, 575, 365
550, 67, 214475, 575, 373
550, 68, 209875, 575, 365
550, 69, 213325, 575, 371
550, 71, 213900, 575, 372
550, 70, 236900, 575, 412
550, 72, 205275, 575, 357
550, 73, 226550, 575, 394
550, 74, 220800, 575, 384
550, 75, 214475, 575, 373
550, 76, 210450, 575, 366
550, 79, 209875, 575, 365
550, 77, 230000, 575, 400
550, 78, 219075, 575, 381
550, 80, 205275, 575, 357
550, 81, 223100, 575, 388
550, 82, 221950, 575, 386
550, 83, 223100, 575, 388
550, 84, 224250, 575, 390
550, 87, 210450, 575, 366
550, 85, 224250, 575, 390
550, 86, 221950, 575, 386
550, 88, 221375, 575, 385
550, 90, 216775, 575, 377
550, 89, 222525, 575, 387
550, 91, 213900, 575, 372
550, 92, 218500, 575, 380
550, 93, 214475, 575, 373
550, 94, 219075, 575, 381
550, 95, 220225, 575, 383
550, 96, 212175, 575, 369
550, 98, 219075, 575, 381
550, 97, 233450, 575, 406
550, 100, 217350, 575, 378
550, 99, 233450, 575, 406
600, 2, 249600, 600, 416
600, 1, 261600, 600, 436
600, 4, 252600, 600, 421
600, 3, 262200, 600, 437
600, 6, 249600, 600, 416
600, 7, 249000, 600, 415
600, 5, 261600, 600, 436
600, 8, 242400, 600, 404
600, 9, 243600, 600, 406
600, 12, 243000, 600, 405
600, 11, 250200, 600, 417
600, 10, 255000, 600, 425
600, 13, 243600, 600, 406
600, 15, 247200, 600, 412
600, 16, 243600, 600, 406
600, 14, 250200, 600, 417
600, 17, 250800, 600, 418
600, 20, 252000, 600, 420
600, 19, 263400, 600, 439
600, 18, 269400, 600, 449
600, 21, 246000, 600, 410
600, 22, 246000, 600, 410
600, 24, 232800, 600, 388
600, 23, 250200, 600, 417
600, 25, 249000, 600, 415
600, 27, 245400, 600, 409
600, 28, 244800, 600, 408
600, 26, 273000, 600, 455
600, 29, 247200, 600, 412
600, 30, 258000, 600, 430
600, 32, 235800, 600, 393
600, 31, 253200, 600, 422
600, 33, 250200, 600, 417
600, 35, 246000, 600, 410
600, 34, 252000, 600, 420
600, 36, 252600, 600, 421
600, 37, 246000, 600, 410
600, 38, 254400, 600, 424
600, 39, 258600, 600, 431
600, 40, 252600, 600, 421
600, 41, 254400, 600, 424
600, 42, 249600, 600, 416
600, 44, 250200, 600, 417
600, 43, 259800, 600, 433
600, 45, 258000, 600, 430
600, 46, 244800, 600, 408
600, 47, 245400, 600, 409
600, 48, 258000, 600, 430
600, 50, 242400, 600, 404
600, 49, 249000, 600, 415
600, 51, 238800, 600, 398
600, 52, 253800, 600, 423
600, 54, 236400, 600, 394
600, 53, 252000, 600, 420
600, 55, 259800, 600, 433
600, 56, 250800, 600, 418
600, 57, 246000, 600, 410
600, 58, 256800, 600, 428
600, 59, 254400, 600, 424
600, 60, 252600, 600, 421
600, 61, 262200, 600, 437
600, 62, 246600, 600, 411
600, 63, 257400, 600, 429
600, 64, 245400, 600, 409
600, 66, 240600, 600, 401
600, 65, 254400, 600, 424
600, 67, 253800, 600, 423
600, 68, 245400, 600, 409
600, 69, 249600, 600, 416
600, 70, 253800, 600, 423
600, 72, 249000, 600, 415
600, 71, 262800, 600, 438
600, 73, 238800, 600, 398
600, 74, 239400, 600, 399
600, 75, 237000, 600, 395
600, 76, 252000, 600, 420
600, 77, 246600, 600, 411
600, 78, 238200, 600, 397
600, 79, 249600, 600, 416
600, 80, 268200, 600, 447
600, 81, 250800, 600, 418
600, 82, 260400, 600, 434
600, 83, 247200, 600, 412
600, 84, 247200, 600, 412
600, 85, 244200, 600, 407
600, 86, 253800, 600, 423
600, 87, 258000, 600, 430
600, 88, 259800, 600, 433
600, 89, 250200, 600, 417
600, 91, 229200, 600, 382
600, 90, 267600, 600, 446
600, 92, 249600, 600, 416
600, 93, 266400, 600, 444
600, 94, 262800, 600, 438
600, 95, 255600, 600, 426
600, 96, 252000, 600, 420
600, 97, 253200, 600, 422
600, 98, 257400, 600, 429
600, 99, 263400, 600, 439
600, 100, 262800, 600, 438
650, 1, 266250, 625, 426
650, 2, 277500, 625, 444
650, 3, 282500, 625, 452
650, 4, 268125, 625, 429
650, 5, 308125, 625, 493
650, 6, 294375, 625, 471
650, 7, 285625, 625, 457
650, 8, 285625, 625, 457
650, 9, 303750, 625, 486
650, 10, 284375, 625, 455
650, 11, 280625, 625, 449
650, 12, 281875, 625, 451
650, 13, 283750, 625, 454
650, 14, 281875, 625, 451
650, 15, 278125, 625, 445
650, 16, 273125, 625, 437
650, 18, 283750, 625, 454
650, 19, 285625, 625, 457
650, 17, 298125, 625, 477
650, 20, 274375, 625, 439
650, 21, 273750, 625, 438
650, 22, 300000, 625, 480
650, 24, 290625, 625, 465
650, 23, 296875, 625, 475
650, 25, 275000, 625, 440
650, 28, 276875, 625, 443
650, 26, 288750, 625, 462
650, 27, 291250, 625, 466
650, 29, 288125, 625, 461
650, 30, 288125, 625, 461
650, 31, 291250, 625, 466
650, 32, 280000, 625, 448
650, 33, 283125, 625, 453
650, 34, 276250, 625, 442
650, 35, 278750, 625, 446
650, 36, 278125, 625, 445
650, 37, 283125, 625, 453
650, 38, 290625, 625, 465
650, 40, 284375, 625, 455
650, 39, 286875, 625, 459
650, 41, 275625, 625, 441
650, 43, 267500, 625, 428
650, 42, 281250, 625, 450
650, 44, 281250, 625, 450
650, 45, 291250, 625, 466
650, 47, 283750, 625, 454
650, 46, 288125, 625, 461
650, 48, 291875, 625, 467
650, 49, 281250, 625, 450
650, 50, 273125, 625, 437
650, 51, 277500, 625, 444
650, 52, 291250, 625, 466
650, 53, 271875, 625, 435
650, 55, 266250, 625, 426
650, 54, 280625, 625, 449
650, 56, 296875, 625, 475
650, 57, 286875, 625, 459
650, 58, 275000, 625, 440
650, 59, 291250, 625, 466
650, 60, 283750, 625, 454
650, 62, 283750, 625, 454
650, 61, 302500, 625, 484
650, 63, 298750, 625, 478
650, 64, 265000, 625, 424
650, 65, 284375, 625, 455
650, 66, 285000, 625, 456
650, 67, 278125, 625, 445
650, 68, 280625, 625, 449
650, 69, 282500, 625, 452
650, 70, 272500, 625, 436
650, 72, 272500, 625, 436
650, 71, 288750, 625, 462
650, 74, 281250, 625, 450
650, 73, 290625, 625, 465
650, 75, 287500, 625, 460
650, 76, 285625, 625, 457
650, 77, 295625, 625, 473
650, 78, 284375, 625, 455
650, 80, 288750, 625, 462
650, 79, 292500, 625, 468
650, 82, 278125, 625, 445
650, 81, 283750, 625, 454
650, 83, 273750, 625, 438
650, 84, 295625, 625, 473
650, 85, 284375, 625, 455
650, 86, 293750, 625, 470
650, 87, 284375, 625, 455
650, 88, 290000, 625, 464
650, 89, 283750, 625, 454
650, 90, 280000, 625, 448
650, 91, 296250, 625, 474
650, 92, 298125, 625, 477
650, 93, 289375, 625, 463
650, 94, 283125, 625, 453
650, 95, 288125, 625, 461
650, 96, 275000, 625, 440
650, 98, 280625, 625, 449
650, 97, 287500, 625, 460
650, 99, 286250, 625, 458
650, 100, 287500, 625, 460
700, 2, 321100, 650, 494
700, 1, 330200, 650, 508
700, 4, 314600, 650, 484
700, 3, 336050, 650, 517
700, 5, 310700, 650, 478
700, 6, 315900, 650, 486
700, 7, 316550, 650, 487
700, 8, 325000, 650, 500
700, 10, 306800, 650, 472
700, 9, 330200, 650, 508
700, 11, 321750, 650, 495
700, 12, 323700, 650, 498
700, 13, 298350, 650, 459
700, 14, 312000, 650, 480
700, 15, 312650, 650, 481
700, 16, 306800, 650, 472
700, 18, 313950, 650, 483
700, 17, 336700, 650, 518
700, 19, 312000, 650, 480
700, 20, 326950, 650, 503
700, 21, 326950, 650, 503
700, 22, 326300, 650, 502
700, 23, 320450, 650, 493
700, 24, 314600, 650, 484
700, 25, 321100, 650, 494
700, 26, 319800, 650, 492
700, 27, 326300, 650, 502
700, 28, 336050, 650, 517
700, 29, 316550, 650, 487
700, 30, 318500, 650, 490
700, 31, 310700, 650, 478
700, 32, 334100, 650, 514
700, 34, 310050, 650, 477
700, 33, 338000, 650, 520
700, 35, 310700, 650, 478
700, 36, 321750, 650, 495
700, 37, 334750, 650, 515
700, 38, 313950, 650, 483
700, 39, 324350, 650, 499
700, 40, 332800, 650, 512
700, 41, 318500, 650, 490
700, 42, 326950, 650, 503
700, 43, 315250, 650, 485
700, 44, 312650, 650, 481
700, 45, 306800, 650, 472
700, 46, 328900, 650, 506
700, 47, 321750, 650, 495
700, 48, 314600, 650, 484
700, 50, 300300, 650, 462
700, 49, 325000, 650, 500
700, 51, 315900, 650, 486
700, 52, 318500, 650, 490
700, 53, 319800, 650, 492
700, 54, 323700, 650, 498
700, 55, 319150, 650, 491
700, 56, 315900, 650, 486
700, 57, 319800, 650, 492
700, 59, 300950, 650, 463
700, 58, 328250, 650, 505
700, 60, 312650, 650, 481
700, 61, 299650, 650, 461
700, 63, 313950, 650, 483
700, 62, 319800, 650, 492
700, 64, 312650, 650, 481
700, 65, 330200, 650, 508
700, 66, 319800, 650, 492
700, 67, 321100, 650, 494
700, 68, 310050, 650, 477
700, 69, 309400, 650, 476
700, 70, 310050, 650, 477
700, 71, 333450, 650, 513
700, 72, 319800, 650, 492
700, 73, 308750, 650, 475
700, 74, 314600, 650, 484
700, 75, 308100, 650, 474
700, 76, 321750, 650, 495
700, 77, 318500, 650, 490
700, 78, 319800, 650, 492
700, 79, 325000, 650, 500
700, 80, 315900, 650, 486
700, 81, 318500, 650, 490
700, 82, 308750, 650, 475
700, 83, 311350, 650, 479
700, 84, 323050, 650, 497
700, 85, 317200, 650, 488
700, 86, 331500, 650, 510
700, 87, 305500, 650, 470
700, 88, 325000, 650, 500
700, 90, 300950, 650, 463
700, 89, 313300, 650, 482
700, 91, 320450, 650, 493
700, 92, 306150, 650, 471
700, 93, 313950, 650, 483
700, 94, 316550, 650, 487
700, 95, 328250, 650, 505
700, 96, 330850, 650, 509
700, 97, 320450, 650, 493
700, 98, 317200, 650, 488
700, 99, 299000, 650, 460
700, 100, 340600, 650, 524
